Song,Artist,Genre,Recommended by DJ...,DJ Notes,Listener Notes,,
The Spirit of Radio,Rush,Rock,DJ Mil,PREPARE TO BE RUSHIFIED!!!!!,"Slappa da bass mon!!! This was technically on June, but I'm throwing it on July because I missed it and it's too good not to listen to - DJ Chunk",,
New York City,Moe.,Jam Band,DJ Older Twin,Some good ole fashion Moe. - love this song.,,,
My One and Only,String Cheese Incident,Jam Band,DJ Older Twin,"Also love this song, another good jam...especially the second half",,,
Make It Count,49 Winchester,American Country Rock,DJ Older Twin,Heard this on Outsider's Radio and been rocking to this song nearly weekly for the past 6 months.,This song came on while I was mowing the lawn and I just slapped it on repeat and jammed the hell out - DJ Chunk,,
Nashville,Old 97s,American Rock,DJ Older Twin,"Don't know where I heard this, but I like the beat",,,
High Country,Leftover Salmon,Bluegrass,DJ Older Twin,"Heard this in college, loved it since.",,,
It Ain't My Fault,Brothers Osborne,Jam Band,DJ Older Twin,"If you pay attention to the music video, there's a bank robbery with some US Presidents!",,,
Katchi,Ofenbach vs. Nick Waterhouse,Dance Pop,DJ Older Twin,I like the beat and the song.,,,
Time To Run,Lord Huron,Indie Rock,DJ Older Twin,"Been on a Lord Huron kick, this song is fire",,,
Knock Knock,Mac Miller,Hip Hop,DJ Older Twin,"Now that you're getting settled in your new house, knock knock",,,
Nights Like This (Official Music Video),Loud Luxury X CID ,Dance Pop,DJ Older Twin,Another good beat and poppy song.,"Happy for the guy in the music video, good for him - DJ Chunk",,
The Medium,"Toro y Moi , Unknown Mortal Orchestra",Rock,Schif,"The louder your speakers the better this song sounds, perfect for a summertime night drive with the windows down","Oh yeah, this gets me goin - DJ Chunk",,
Sastanaqqam,Tinariwen,Rock,Schif,"One of the coolest bands of all time, tuareg nomads who formed in a refugee camp","Big fan. Adding it to my MagsMusic playlist, so you are going to be hearing a lot of it from now on.... -DJ Midge",,
Go!,M83 ft Mai Lan,electronic,Schif,"An underrated M83 song, that cheesy solo just gets me",,,
Wolf Like Me,TV on the Radio,rock,Schif,Maturing is realizing that this was the best alt rock band of the 00s,the first few seconds had my mind thinking it was tusk. -DJ Midge f/u - never mind listened to tusk and surprise surpise my tone deaf self with no rhythm didn't get this one right. sort of similar though ,,
JOY (God Only Knows),Joy Anonymous,dance,Schif,It's summer. We're at the Beach and the Boys are dancin',,,
Forever Young,Alphaville,80s,DJ Younger Twin,"Hoping for the best, but expecting the worst, this 80s jam has been on repeat recently.",,,
Throw some ass,SOFI TUKKER,EDM,DJ Midge,"PSA: Throw some ass, free the mind","Hahahaha ""throw some ass, free the mind"" is the lyric of the summer - DJ Chunk",,
Waka Waka (This Time For Africa),Shakira,Pop,DJ Morganism,My personal favorite World Cup song. ,Certified slapper - DJ Young Twin,,
Cruel Summer,Taylor Swift,Pop,DJ Morganism,"Because Tay Tay is now Mrs. Tay Tay and it's really fun to yell ""HE LOOKS UP GRINNIN LIKE A DEVIL"" ",Sad we weren't invited. Thought there was a chance with over 1K guests. CANNOT WAIT to see her dress!!! - DJ Midge,,
Freed From Desire,Gala,Dance Pop,DJ Morganism,Scottish soccer fans seemed to be really in to this song and I get it. It's a bop. ,Scotland deserved to be in the knockout rounds for no other reason than to keep Scottish fans in the country for longer - DJ Chunk,Certified slapper - DJ Young Twin,
Hair,Lady Gaga,Dance Pop,DJ Morganism,"The more humid it is outside, the bigger my hair gets and the more I listen to this song. ",,,
The Great Divide,Noah Kahan,Rock,DJ Cuz,Honestly thought the album was legit - this ended up being the namesake and most played and its just been catchy for me,His hits are so easy to hit repeat on and listen to 20x in a row... so I've heard - DJ Chunk,,
"I Knew It, I Knew You",Taylor Swift,Country Pop,DJ Cuz,Its old roots Taylor and its Toy Story. Thats it.,I have been listening to this one on repeat! So good! -DJ Midge,"Tay Tay don't miss, love the old school vibe. - DJ Chunk",
American Girls,Harry Styles,Alt Pop,DJ Cuz,I just zone out to this little piano hit during the verses,,,
Vacation,Sam Hunt,Country Pop,DJ Joc,Summertime jam that I think is the most underrated Sam Hunt song,,,
Hard to Forget,Sam Hunt,Country Pop,DJ Joc,Always gets stuck in my head. The weird little intro grows on you,The weird little intro makes the song. Love this one - DJ Chunk,,
Knock Three Times,Tony Orlando & Dawn,Soft Rock,DJ Joc,"If it's summer, and I'm on a bike this song immediately pops in my head. IYKYK.",Oldie but goodie! I can picture you peacefully on your bike in the summer and an ice cream in one hand (preferably jeni's :) ). -DJ Midge,And now IK! - DJ Chunk,"we could do a whole month of just ""songs about yearning for forbidden gay romance"", really produced a lot of artistic greatness over the years. -Schiff"
Somebody Else,Verite,,DJ Jen,I'm late and don't know if anyone is going to see these,"We see them, Jen!! - DJ Chunk",,
First,Cold War Kids,,DJ Jen,,"This was a staple on DJ Chunk's ""Cruisin' 2016"" playlist - DJ Chunk",,
Dying Breed,The Killers,,DJ Jen,,"on the crazy venn diagram of people in this group, are The Killers the closest to the center of our musical taste? -Schiff",I do freakin love The Kilers - DJ Chunk,
Brother Sport,Animal Collective,Indie,DJ Mildred,This one brings me back to hot summer nights in the attic in Patterson. What a time to be alive!,"This was sensory overload the first time I listened to it, but it's definitely growing on me - DJ Chunk",,
New Speedway Boogie,Grateful Dead,Rock,DJ Mildred,I spent a little time on the mountain…,,,
Bittersweet Haj,Umphrey's McGee,Rock,DJ Mildred,"Off of Zonkey. An album that took me a while to come around to, but I love this mash up. When it breaks back into Haj at like 3:30 “I didn’t know things were supposed to be this way…” really gets me pumped.",Jake Cinninger leaving was a surprise - Schiff,"Yeah, this album has always been a bit hit or miss for me, but this one is a big time hit. - DJ Chunk","Yeah Schiffhauer, for sure. However, moe. has been touring with them, and they like forming something of a super group which seems awesome ""moementUM"" - DJ Mil"
Dead Flowers,Rolling Stones,Classic Rock,DJ Chunk,Solid gold Stones,Hell yeah. Honestly might be my favorite Stones song. - DJ Mildred,,
Two Step (specifically the Live at Folsom Field version),Dave Matthews Band,Rock,DJ Younger Twin,A good 9 minutes of jamming. Just wait until those horns drop it at 2:30.,"You're just playing to the crowd here, Timmy, and I'm totally here for it - DJ Chunk",Nothing says summer like Dave brah! - DJ Mil,
Upside Down,Jack Johnson,Rock,DJ Younger Twin,How can you be mad when you listen to this one?,,,
Raining in Manila,Lola Amour,Pop? Rock? Funk? I don't know ,DJ KN,"Living in a place with a big Filipino population means that I got to hear this gem that I otherwise never would have know about, and now so do you! ","Sa pagpikit na lang kita matititigan sa mata. Sa panaginip na magpapaligaw, ya know? - DJ Mil",This is lumpia for the ears (complimentary) - Schiff,"Took me basically the enitre song to realize only the chorus was in English, just thought I couldn't understand what they were saying - DJ Chunk"
Hit 'Em Up Style,Blu Cantrell,R&B,DJ TKO,Please view this: https://www.threads.com/@ddotrock/post/Da06MxaD3os?xmt=AQG0qz0_XtxvItO0HR5Ngs_jXFJHYWfkBr2ERUrIgNkmuOuuEl9GPBHCH0GjqhvherKpqeng&slof=1,"Is this a purposeful call back to DJ Younger Twin's April 2026 rec, or a genuine second posting of Hit Em Up Style?! Regardless, a facsinating snippet of R&B production inspiration hahaha",,
Out of Focus (Lego 5),Umphrey's McGee,Rock,DJ Mildred,"Was obsessed with this one when it came out. Rediscovered in a workout playlist yesterday, and it SLAPS!",,,
Asleep Talking,Magnus Ferrell,,DJ KN,This is Will Ferrell's son. That is all.,,,